<launch>
    <node pkg="ydlidar_ros2_driver" exec="ydlidar_ros2_driver_node" name="ydlidar_lidar_publisher" output="screen">
        <param name="port" value="/dev/ttyUSB0"/>
        <param name="frame_id" value="laser_frame"/>
        <param name="ignore_array" value=""/>

        <param name="baudrate" value="115200"/>
        <param name="lidar_type" value="1"/>
        <param name="device_type" value="0"/>
        <param name="sample_rate" value="3"/>
        <param name="abnormal_check_count" value="4"/>

        <param name="resolution_fixed" value="true"/>
        <param name="auto_reconnect" value="true"/>
        <param name="reversion" value="false"/>
        <param name="inverted" value="true"/>
        <param name="isSingleChannel" value="true"/>
        <param name="intensity" value="false"/>
        <param name="support_motor_dtr" value="true"/>
        <param name="invalid_range_is_inf" value="false"/>
        <param name="point_cloud_preservative" value="false"/>

        <param name="angle_min" value="-180.0"/>
        <param name="angle_max" value="180.0"/>
        <param name="range_min" value="0.1"/>
        <param name="range_max" value="12.0"/>
        <param name="frequency" value="10.0"/>
    </node>

    <node pkg="tf2_ros" exec="static_transform_publisher" name="base_link_to_laser">
        <param name="x" value="0.0"/>
        <param name="y" value="0.0"/>
        <param name="z" value="0.2"/>
        <param name="roll" value="0.0"/>
        <param name="pitch" value="0.0"/>
        <param name="yaw" value="0.0"/>
        <param name="frame_id" value="base_footprint"/>
        <param name="child_frame_id" value="laser_frame"/>
        <param name="frequency" value="40"/>
    </node>
</launch>
